# name	file	dtype	shape	sha256
prefill.in_streams	prefill.in_streams.bin	f32	33,4,4096	6b527db511f70842fd95be727eeed4cbb52a40c1bd5c5e12376f361e5eb54206
prefill.attn_hc.pre	prefill.attn_hc.pre.bin	f32	33,4	437db0531a6c29b63a8c1474c5616043ea91998714d3cb428e5f00715103ed48
prefill.attn_hc.post	prefill.attn_hc.post.bin	f32	33,4	e1450ecf862cf0731d5adf8b7925e87c527c7d99dda5c182fc59ce34eb0749d1
prefill.attn_hc.comb	prefill.attn_hc.comb.bin	f32	33,4,4	2708dc13ae81a48590fc86e3a5ded03d06fe09db60d632602bc88880e6be2e9c
prefill.attn_hc.collapsed	prefill.attn_hc.collapsed.bin	f32	33,4096	9d03e40c2711ca8f92c38a515e4d40f56e4bb92430d893e50c556182a0aee5b4
prefill.attn_norm	prefill.attn_norm.bin	f32	33,4096	2f2b9a1367a48bdb587eefdc85373a42e344a32968add06da33c446f4183fc80
prefill.mla.q_resid	prefill.mla.q_resid.bin	f32	33,1536	692e7e9e5c314952cdd844c4aedbd9be77a7bf74c11bc1ac7d6f03cf5997ba54
prefill.mla.q	prefill.mla.q.bin	f32	33,64,256	5c2c8e65e41a7a46a5d8fb196a773b1c7394eb37825d63a3c96f8b6ecb2ca77f
prefill.mla.kv_a	prefill.mla.kv_a.bin	f32	33,512	a1549554281727fab6856a6cadd4b238efdc4cb00b1a8f0d2d3fdd1ed55ae831
prefill.mla.latent	prefill.mla.latent.bin	f32	33,512	4db5ae2fdd36046f8f945d1ae78b7f38ab8b60f225f6219b58be695ffff2e5ec
prefill.idx.q	prefill.idx.q.bin	f32	33,32,128	9e0cfd7316b97a3e3352fd31cc3a581dd318e105189e52b3ce8e69df4080c81d
prefill.idx.k	prefill.idx.k.bin	f32	33,128	37689ef0cbd3b35d786a9374dbd02a37e351e204d1c934b798850d96d7bfadc2
prefill.idx.pool_keys	prefill.idx.pool_keys.bin	f32	8,128	c8bc463d432fa4aafc4f71550409f3c13c16a7e05c2cc0f215c2563db9e998e4
prefill.idx.pool_indices	prefill.idx.pool_indices.bin	i32	8,4	afbc67011b6f94a508935ad8edcbdd3c9b56c4db336f8d3847a8a1815183828f
prefill.idx.weights	prefill.idx.weights.bin	f32	33,32	18ab31539dff4c84205cc6c84ba0be9be3086de07b27efcbc80d77f222bd34ca
prefill.idx.scores	prefill.idx.scores.bin	f32	33,8	74f4486b36fb0185bf8dc682ae8f883023c3d130c58de351da5d7f0091718876
prefill.idx.gate_scores	prefill.idx.gate_scores.bin	f32	33,128	8ebd73303a6ec0df61d49f0f6b5ff5ee9cbf04e4771c4e75c63332f0b059fba1
prefill.idx.topk	prefill.idx.topk.bin	i32	33,2051	c730327588dfde82d78f99298fa83ac1eb01465d6db94d427215faad5fb76123
prefill.mla.out	prefill.mla.out.bin	f32	33,64,256	9c0db70901b478ecb952d1563ba8c464b13609741e8d7256b3271423f7366ba3
prefill.attn_out	prefill.attn_out.bin	f32	33,4096	b5b01508357847f359f879ca6fb451c6c2fa6af9283f512ad0bdd023656317fd
prefill.mla.probs	prefill.mla.probs.bin	f32	64,33,33	427c2690991b5aa4ce202565866bf2d2762a57bc6096625ecbf0916260963329
prefill.mid_streams	prefill.mid_streams.bin	f32	33,4,4096	28b8b372c6b56234a4b1a8d660b1dbc1b01fdfafaf0892f3c24e1d4c373bec86
prefill.ffn_hc.pre	prefill.ffn_hc.pre.bin	f32	33,4	4458922d6d97d1fe02ea86e099a7d57f0514376feed7dd43578bf6fa4b668f46
prefill.ffn_hc.post	prefill.ffn_hc.post.bin	f32	33,4	daabb826846f8951d6505c2da2a320301dd6685ea8500c34449f895fa59ff412
prefill.ffn_hc.comb	prefill.ffn_hc.comb.bin	f32	33,4,4	bd3cceb521e5eb8ce8285e7781474fd16f5721393ce95a54cd2eb9d625943f73
prefill.ffn_hc.collapsed	prefill.ffn_hc.collapsed.bin	f32	33,4096	338e1483bcfd6f98cb59bbb344be62ad9766834ebad0b5593bb616c59efa9d8e
prefill.ffn_norm	prefill.ffn_norm.bin	f32	33,4096	a12c6edd8deee14e4acc282617035d9452f0142169f7be2ee3fe623115514882
prefill.moe.router_logits	prefill.moe.router_logits.bin	f32	33,288	630ff683a118e83b3632e1dda3898c03bb2288055f8852dfa557e15425ce974f
prefill.moe.topk_ids	prefill.moe.topk_ids.bin	i32	33,8	77bec67accc7b3e225890574d94edf12b237f09193335cbeef650aa14383f0fc
prefill.moe.topk_weights	prefill.moe.topk_weights.bin	f32	33,8	bf1e21c87b00ae7f81df61416e138324826192eaa054e27eeb553d63d0e630c6
prefill.moe.topk_ids_sorted	prefill.moe.topk_ids_sorted.bin	i32	33,8	fe660378f8dc61f0d40f09b71c648c5665bdcdc9a854b15a58e70398c2b64a57
prefill.moe.topk_weights_sorted	prefill.moe.topk_weights_sorted.bin	f32	33,8	40e9d79300a3af4fa1c30da0e0165a29667b6aeed2117f99291cdf16d123db92
prefill.moe.routed_out	prefill.moe.routed_out.bin	f32	33,4096	639edf5ab20389b56702ab82fb7ed074936d3a345e3707fc3ca7e452dff774fc
prefill.moe.shared_out	prefill.moe.shared_out.bin	f32	33,4096	049c5a33fcc9aa8137a3dc3f0f2d973633f7e82e9442a06dccf509005cefd95f
prefill.mlp_out	prefill.mlp_out.bin	f32	33,4096	e7563f8ae1587e7ad1754c123ea61f852d6679cfc6b76093cf867f5a18eba7bf
prefill.out_streams	prefill.out_streams.bin	f32	33,4,4096	779ccbcbebe5f4e4c4b262e4ccd3f310f4066c59f5d7e5e45c8b80a341e8d429
prefill.k16.idx.topk	prefill.k16.idx.topk.bin	i32	33,19	35636ad3e0f239a01460c25f8751b80e073c591e8b9008d1b89b21fc2f39c0c0
prefill.k16.mla.out	prefill.k16.mla.out.bin	f32	33,64,256	79f84729be45a3471a6364de710b128d1e7162e52ab31f8468332a11ea19429c
prefill.k16.attn_out	prefill.k16.attn_out.bin	f32	33,4096	201f524b28067f7c4eee7273b726afede9c516a948328c26aa8130f69c670630
